{
  "results": [
    {
      "command": "python temporal/t.rast.accumulate/testsuite/test_accumulation.py",
      "mean": 24.956084198233338,
      "stddev": 0.6596872615704756,
      "median": 24.7849323919,
      "user": 22.55172006666666,
      "system": 8.476530986666669,
      "min": 24.3988400819,
      "max": 25.6844801209,
      "times": [
        25.6844801209,
        24.7849323919,
        24.3988400819
      ],
      "exit_codes": [
        0,
        0,
        0
      ]
    },
    {
      "command": "python temporal/t.rast.accumulate/testsuite/test_accumulation2.py",
      "mean": 24.229168939566666,
      "stddev": 0.059870470395273476,
      "median": 24.199158304900003,
      "user": 22.24991873333333,
      "system": 8.222047986666668,
      "min": 24.190239160900003,
      "max": 24.298109352900003,
      "times": [
        24.190239160900003,
        24.199158304900003,
        24.298109352900003
      ],
      "exit_codes": [
        0,
        0,
        0
      ]
    },
    {
      "command": "python temporal/t.rast.accumulate/testsuite/test_accumulation3.py",
      "mean": 21.128144894900004,
      "stddev": 0.24017605769252923,
      "median": 20.993720831900003,
      "user": 19.144631066666665,
      "system": 7.100801653333332,
      "min": 20.985280351900002,
      "max": 21.405433500900003,
      "times": [
        20.985280351900002,
        21.405433500900003,
        20.993720831900003
      ],
      "exit_codes": [
        0,
        0,
        0
      ]
    }
  ]
}
