{
  "results": [
    {
      "command": "python temporal/t.rast.accumulate/testsuite/test_accumulation.py",
      "mean": 25.206110465920002,
      "stddev": 0.7738094765768759,
      "median": 24.99371687912,
      "user": 22.88564464,
      "system": 8.55672622,
      "min": 24.590036642620003,
      "max": 26.97545347062,
      "times": [
        24.67761773862,
        24.98738593562,
        24.60768914062,
        26.184712344620003,
        26.97545347062,
        25.00004782262,
        24.79580676762,
        25.047844465620003,
        24.590036642620003,
        25.194510330620002
      ],
      "exit_codes": [
        0,
        0,
        0,
        0,
        0,
        0,
        0,
        0,
        0,
        0
      ]
    },
    {
      "command": "python temporal/t.rast.accumulate/testsuite/test_accumulation2.py",
      "mean": 25.66078462152,
      "stddev": 0.3031917447425129,
      "median": 25.69084746262,
      "user": 23.13331704,
      "system": 8.706438620000002,
      "min": 25.19940007062,
      "max": 26.29826373562,
      "times": [
        25.603306871620003,
        26.29826373562,
        25.496701469620003,
        25.69040709762,
        25.819015915620003,
        25.691287827620002,
        25.71556638362,
        25.29988433262,
        25.79401251062,
        25.19940007062
      ],
      "exit_codes": [
        0,
        0,
        0,
        0,
        0,
        0,
        0,
        0,
        0,
        0
      ]
    },
    {
      "command": "python temporal/t.rast.accumulate/testsuite/test_accumulation3.py",
      "mean": 21.85687828992,
      "stddev": 0.2582802582887935,
      "median": 21.926452022120003,
      "user": 19.45433514,
      "system": 7.326403019999999,
      "min": 21.393919001620002,
      "max": 22.20568623462,
      "times": [
        21.393919001620002,
        21.98612685262,
        21.60201136662,
        21.997250560620003,
        22.20568623462,
        22.106689702620002,
        21.866777191620002,
        21.80243387362,
        21.58953645862,
        22.018351656620002
      ],
      "exit_codes": [
        0,
        0,
        0,
        0,
        0,
        0,
        0,
        0,
        0,
        0
      ]
    }
  ]
}
